Customer ID,Total Spend,Items Purchased,Discount Applied,Days Since Last Purchase,Average Spend per Purchase,Purchase Frequency,Discount Usage Rate,Loyalty Score,High-Spender Flag,Frequent Buyer Flag,Bulk Buyer Score,Customer Segment
101,0.639502388893897,0.5,1,0.2962962962962963,0.8949575427193628,0.2533333333333333,0.4242545973933226,0.2706552706552707,1,1,0.06501623616812147,3
102,0.33327323537365905,0.2857142857142857,0,0.16666666666666666,0.6290253409448294,0.41666666666666663,0.0,0.43859649122807015,0,1,0.2589336577665349,3
103,0.09010186604164788,0.1428571428571428,1,0.611111111111111,0.2120767376035224,0.08333333333333334,0.9304943710230055,0.09043927648578809,0,0,0.6876105651134019,2
104,0.9641215180744612,0.857142857142857,0,0.05555555555555555,0.8332055108943337,0.7083333333333334,0.0,0.7264957264957266,1,1,0.10602543024130506,1
105,0.27909492472730546,0.4285714285714285,1,0.8518518518518517,0.17290152975235262,0.024242424242424232,0.6597029428095503,0.026455026455026454,0,0,0.7391819442076508,2
106,0.027044081853421054,0.0714285714285714,0,0.24074074074074073,0.16364398783939627,0.31060606060606066,0.0,0.3301127214170692,0,1,0.7517337840699441,0
107,0.6669070585053637,0.5714285714285714,1,0.35185185185185186,0.7978683999021559,0.20833333333333334,0.4130453676342778,0.2234993614303959,1,1,0.13050453017789487,3
108,0.35166321103398535,0.3571428571428571,0,0.09259259259259259,0.5053639445085087,0.5833333333333334,0.0,0.6049382716049383,0,1,0.3670398399033501,3
109,0.07612909041738031,0.2142857142857142,1,0.5740740740740741,0.0,0.09583333333333335,0.9596163553760727,0.1038843721770551,0,0,0.9999999999999998,2
110,0.9999999999999999,1.0,0,0.0,0.6710346996540519,0.9999999999999999,0.0,1.0,1,1,0.22507212452621173,1
111,0.251960695934373,0.2857142857142857,1,0.4629629629629629,0.38832925120795947,0.14215686274509806,0.6884687816891206,0.15343915343915343,0,0,0.48272190666838166,2
112,0.05381772288830794,0.0,0,0.2037037037037037,0.5192368172764439,0.3583333333333334,0.0,0.37918871252204583,0,1,0.3542371442522607,0
113,0.7121608221400882,0.6428571428571428,1,0.22222222222222218,0.7492399622601951,0.33333333333333337,0.3957778147901399,0.35353535353535354,1,1,0.1654748949908571,3
114,0.369557378526999,0.4285714285714285,0,0.11111111111111113,0.39948551291459355,0.5333333333333333,0.0,0.5555555555555556,0,1,0.47106456247062045,3
115,0.10781573965563862,0.1428571428571428,1,0.5370370370370371,0.2761645175944367,0.10964912280701752,0.8960218702865762,0.11870845204178537,0,0,0.6082797330226615,2
116,0.8558550437212656,0.7857142857142856,0,0.037037037037037035,0.7644057727923961,0.787878787878788,0.0,0.8024691358024691,1,1,0.15440411251596675,1
117,0.2612458307040476,0.3571428571428571,1,0.7222222222222222,0.2600202676730614,0.05208333333333334,0.6783471310305452,0.05668934240362811,0,0,0.6277047600940613,2
118,0.036148922744072776,0.0714285714285714,0,0.2962962962962963,0.20070237970437144,0.2533333333333333,0.0,0.2706552706552707,0,1,0.7023324842783947,0
119,0.6846660055891102,0.5,1,0.37037037037037035,0.9999999999999998,0.19540229885057472,0.40609245492608737,0.20987654320987653,1,1,0.0,3
120,0.34201748850626523,0.2857142857142857,0,0.12962962962962962,0.6549095102402578,0.48958333333333337,0.0,0.5119825708061001,0,1,0.2379102398871975,3
121,0.08559451906607768,0.2142857142857142,1,0.5925925925925926,0.030820840758989387,0.0894308943089431,0.9396935244686109,0.09700176366843033,0,0,0.9490577926131698,2
122,0.9552871180023438,0.9285714285714284,0,0.07407407407407407,0.7044763602054724,0.6410256410256411,0.0,0.6613756613756614,1,1,0.199058935883359,1
123,0.27008023077616505,0.4285714285714285,1,0.8333333333333334,0.15032215923294645,0.027777777777777762,0.6689893018018018,0.030303030303030304,0,0,0.7700504445831198,2
124,0.018029387902280702,0.0,0,0.2592592592592593,0.3527623440612224,0.28985507246376807,0.0,0.30864197530864196,0,1,0.5208475263987364,0
125,0.6578923645542233,0.5714285714285714,1,0.33333333333333337,0.7782996121186703,0.22222222222222218,0.41666666666666674,0.23809523809523808,1,1,0.14439389413233594,3
126,0.36067790498512575,0.3571428571428571,0,0.07407407407407407,0.5298249292378656,0.6410256410256411,0.0,0.6613756613756614,0,1,0.3445863171216381,3
127,0.06711439646623996,0.1428571428571428,1,0.5555555555555556,0.12890938952370967,0.10256410256410256,0.9793920659453891,0.1111111111111111,0,0,0.8001377894993189,2
128,0.9819706120977193,1.0,0,0.018518518518518517,0.6430792885347867,0.8833333333333334,0.0,0.8922558922558923,1,1,0.24745447832918344,1
129,0.23393130803209228,0.2142857142857142,1,0.4444444444444444,0.5138274452248663,0.15151515151515152,0.7090108906459794,0.1633986928104575,0,0,0.3592077543672758,2
130,0.04480302893716753,0.0714285714285714,0,0.1851851851851852,0.23592619771464518,0.38596491228070173,0.0,0.4074074074074074,0,1,0.6573855384700489,0
131,0.7031461281889478,0.6428571428571428,1,0.2037037037037037,0.7308942237131772,0.3583333333333334,0.3991014444071213,0.37918871252204583,1,1,0.17907240269539648,3
132,0.3785720724781394,0.4285714285714285,0,0.09259259259259259,0.4220648834339997,0.5833333333333334,0.0,0.6049382716049383,0,1,0.4478953673465005,3
133,0.09880104570449827,0.1428571428571428,1,0.5185185185185185,0.24354987128862793,0.11711711711711711,0.9132398155265181,0.1267056530214425,0,0,0.6479030238660191,2
134,0.864869737672406,0.7857142857142856,0,0.018518518518518517,0.7807130959453004,0.8833333333333334,0.0,0.8922558922558923,1,1,0.14266772049303866,1
135,0.2522311367529072,0.3571428571428571,1,0.7037037037037037,0.23555928294370498,0.05673758865248227,0.688169707500724,0.06172839506172839,0,0,0.6578440749298522,2
136,0.027134228792932424,0.0714285714285714,0,0.2777777777777778,0.16401090261033646,0.27083333333333337,0.0,0.28888888888888886,0,1,0.7512335685774205,0
137,0.6756513116379698,0.5,1,0.24074074074074073,0.9790334416605513,0.31060606060606066,0.4095923468068603,0.3301127214170692,1,1,0.012528797056499563,3
138,0.35103218245740564,0.2857142857142857,0,0.1481481481481481,0.6815942208541015,0.4509803921568628,0.0,0.47325102880658426,0,1,0.2167701928695409,3
139,0.08108717209050748,0.2142857142857142,1,0.5740740740740741,0.01614424992137553,0.09583333333333335,0.9490763854218672,0.1038843721770551,0,0,0.9730495461336772,2
140,0.9462724240512034,0.9285714285714284,0,0.05555555555555555,0.6897997693678584,0.7083333333333334,0.0,0.7264957264957266,1,1,0.21037543885048704,1
141,0.26106553682502476,0.4285714285714285,1,0.8148148148148148,0.12774278871354028,0.03144654088050314,0.6785408338092518,0.034293552812071304,0,0,0.8018003984244786,2
142,0.009014693951140351,0.0,0,0.22222222222222218,0.3108292273823252,0.33333333333333337,0.0,0.35353535353535354,0,1,0.5677715722367689,0
143,0.6488776706030829,0.5714285714285714,1,0.31481481481481477,0.7587308243351851,0.2371794871794872,0.4203520254732001,0.2537722908093278,1,1,0.15852895707765713,3
144,0.36969259893626605,0.3571428571428571,0,0.05555555555555555,0.5542859139672223,0.7083333333333334,0.0,0.7264957264957266,0,1,0.32267984082017276,3
145,0.06260704949066975,0.1428571428571428,1,0.5370370370370371,0.11260206637080539,0.10964912280701752,0.9895887558563248,0.11870845204178537,0,0,0.8236032149232126,2
146,0.9729559181465789,1.0,0,0.0,0.6291015829751545,0.9999999999999999,0.0,1.0,1,1,0.25887096581857927,1
147,0.24294600198323257,0.2142857142857142,1,0.42592592592592593,0.5431806269000943,0.16145833333333334,0.6985888578568279,0.17396184062850728,0,0,0.3325588630423757,2
148,0.05381772288830794,0.0714285714285714,0,0.16666666666666666,0.27261767480868015,0.41666666666666663,0.0,0.43859649122807015,0,1,0.6125162109262503,0
149,0.6941314342378077,0.6428571428571428,1,0.1851851851851852,0.7125484851661599,0.38596491228070173,0.40248136856368566,0.4074074074074074,1,1,0.19290022048978206,3
150,0.34201748850626523,0.2857142857142857,0,0.11111111111111113,0.6549095102402578,0.5333333333333333,0.0,0.5555555555555556,0,1,0.2379102398871975,3
151,0.08559451906607768,0.2142857142857142,1,0.5555555555555556,0.030820840758989387,0.10256410256410256,0.9396935244686109,0.1111111111111111,0,0,0.9490577926131698,2
152,0.9552871180023438,0.9285714285714284,0,0.07407407407407407,0.7044763602054724,0.6410256410256411,0.0,0.6613756613756614,1,1,0.199058935883359,1
153,0.27008023077616505,0.4285714285714285,1,0.8333333333333334,0.15032215923294645,0.027777777777777762,0.6689893018018018,0.030303030303030304,0,0,0.7700504445831198,2
154,0.018029387902280702,0.0,0,0.2592592592592593,0.3527623440612224,0.28985507246376807,0.0,0.30864197530864196,0,1,0.5208475263987364,0
155,0.6578923645542233,0.5714285714285714,1,0.33333333333333337,0.7782996121186703,0.22222222222222218,0.41666666666666674,0.23809523809523808,1,1,0.14439389413233594,3
156,0.36067790498512575,0.3571428571428571,0,0.07407407407407407,0.5298249292378656,0.6410256410256411,0.0,0.6613756613756614,0,1,0.3445863171216381,3
157,0.06711439646623996,0.1428571428571428,1,0.5555555555555556,0.12890938952370967,0.10256410256410256,0.9793920659453891,0.1111111111111111,0,0,0.8001377894993189,2
158,0.9819706120977193,1.0,0,0.018518518518518517,0.6430792885347867,0.8833333333333334,0.0,0.8922558922558923,1,1,0.24745447832918344,1
159,0.23393130803209228,0.2142857142857142,1,0.4444444444444444,0.5138274452248663,0.15151515151515152,0.7090108906459794,0.1633986928104575,0,0,0.3592077543672758,2
160,0.04480302893716753,0.0714285714285714,0,0.1851851851851852,0.23592619771464518,0.38596491228070173,0.0,0.4074074074074074,0,1,0.6573855384700489,0
161,0.7031461281889478,0.6428571428571428,1,0.2037037037037037,0.7308942237131772,0.3583333333333334,0.3991014444071213,0.37918871252204583,1,1,0.17907240269539648,3
162,0.3785720724781394,0.4285714285714285,0,0.09259259259259259,0.4220648834339997,0.5833333333333334,0.0,0.6049382716049383,0,1,0.4478953673465005,3
163,0.09880104570449827,0.1428571428571428,1,0.5185185185185185,0.24354987128862793,0.11711711711711711,0.9132398155265181,0.1267056530214425,0,0,0.6479030238660191,2
164,0.864869737672406,0.7857142857142856,0,0.018518518518518517,0.7807130959453004,0.8833333333333334,0.0,0.8922558922558923,1,1,0.14266772049303866,1
165,0.2522311367529072,0.3571428571428571,1,0.7037037037037037,0.23555928294370498,0.05673758865248227,0.688169707500724,0.06172839506172839,0,0,0.6578440749298522,2
166,0.027134228792932424,0.0714285714285714,0,0.2777777777777778,0.16401090261033646,0.27083333333333337,0.0,0.28888888888888886,0,1,0.7512335685774205,0
167,0.6756513116379698,0.5,1,0.24074074074074073,0.9790334416605513,0.31060606060606066,0.4095923468068603,0.3301127214170692,1,1,0.012528797056499563,3
168,0.35103218245740564,0.2857142857142857,0,0.1481481481481481,0.6815942208541015,0.4509803921568628,0.0,0.47325102880658426,0,1,0.2167701928695409,3
169,0.08108717209050748,0.2142857142857142,1,0.5740740740740741,0.01614424992137553,0.09583333333333335,0.9490763854218672,0.1038843721770551,0,0,0.9730495461336772,2
170,0.9462724240512034,0.9285714285714284,0,0.05555555555555555,0.6897997693678584,0.7083333333333334,0.0,0.7264957264957266,1,1,0.21037543885048704,1
171,0.26106553682502476,0.4285714285714285,1,0.8148148148148148,0.12774278871354028,0.03144654088050314,0.6785408338092518,0.034293552812071304,0,0,0.8018003984244786,2
172,0.009014693951140351,0.0,0,0.22222222222222218,0.3108292273823252,0.33333333333333337,0.0,0.35353535353535354,0,1,0.5677715722367689,0
173,0.6488776706030829,0.5714285714285714,1,0.31481481481481477,0.7587308243351851,0.2371794871794872,0.4203520254732001,0.2537722908093278,1,1,0.15852895707765713,3
174,0.36969259893626605,0.3571428571428571,0,0.05555555555555555,0.5542859139672223,0.7083333333333334,0.0,0.7264957264957266,0,1,0.32267984082017276,3
175,0.06260704949066975,0.1428571428571428,1,0.5370370370370371,0.11260206637080539,0.10964912280701752,0.9895887558563248,0.11870845204178537,0,0,0.8236032149232126,2
176,0.9729559181465789,1.0,0,0.0,0.6291015829751545,0.9999999999999999,0.0,1.0,1,1,0.25887096581857927,1
177,0.24294600198323257,0.2142857142857142,1,0.42592592592592593,0.5431806269000943,0.16145833333333334,0.6985888578568279,0.17396184062850728,0,0,0.3325588630423757,2
178,0.05381772288830794,0.0714285714285714,0,0.16666666666666666,0.27261767480868015,0.41666666666666663,0.0,0.43859649122807015,0,1,0.6125162109262503,0
179,0.6941314342378077,0.6428571428571428,1,0.1851851851851852,0.7125484851661599,0.38596491228070173,0.40248136856368566,0.4074074074074074,1,1,0.19290022048978206,3
180,0.34201748850626523,0.2857142857142857,0,0.11111111111111113,0.6549095102402578,0.5333333333333333,0.0,0.5555555555555556,0,1,0.2379102398871975,3
181,0.08559451906607768,0.2142857142857142,1,0.5555555555555556,0.030820840758989387,0.10256410256410256,0.9396935244686109,0.1111111111111111,0,0,0.9490577926131698,2
182,0.9552871180023438,0.9285714285714284,0,0.07407407407407407,0.7044763602054724,0.6410256410256411,0.0,0.6613756613756614,1,1,0.199058935883359,1
183,0.27008023077616505,0.4285714285714285,1,0.8333333333333334,0.15032215923294645,0.027777777777777762,0.6689893018018018,0.030303030303030304,0,0,0.7700504445831198,2
184,0.018029387902280702,0.0,0,0.2592592592592593,0.3527623440612224,0.28985507246376807,0.0,0.30864197530864196,0,1,0.5208475263987364,0
185,0.6578923645542233,0.5714285714285714,1,0.33333333333333337,0.7782996121186703,0.22222222222222218,0.41666666666666674,0.23809523809523808,1,1,0.14439389413233594,3
186,0.36067790498512575,0.3571428571428571,0,0.07407407407407407,0.5298249292378656,0.6410256410256411,0.0,0.6613756613756614,0,1,0.3445863171216381,3
187,0.06711439646623996,0.1428571428571428,1,0.5555555555555556,0.12890938952370967,0.10256410256410256,0.9793920659453891,0.1111111111111111,0,0,0.8001377894993189,2
188,0.9819706120977193,1.0,0,0.018518518518518517,0.6430792885347867,0.8833333333333334,0.0,0.8922558922558923,1,1,0.24745447832918344,1
189,0.23393130803209228,0.2142857142857142,1,0.4444444444444444,0.5138274452248663,0.15151515151515152,0.7090108906459794,0.1633986928104575,0,0,0.3592077543672758,2
190,0.04480302893716753,0.0714285714285714,0,0.1851851851851852,0.23592619771464518,0.38596491228070173,0.0,0.4074074074074074,0,1,0.6573855384700489,0
191,0.7031461281889478,0.6428571428571428,1,0.2037037037037037,0.7308942237131772,0.3583333333333334,0.3991014444071213,0.37918871252204583,1,1,0.17907240269539648,3
192,0.3785720724781394,0.4285714285714285,0,0.09259259259259259,0.4220648834339997,0.5833333333333334,0.0,0.6049382716049383,0,1,0.4478953673465005,3
193,0.09880104570449827,0.1428571428571428,1,0.5185185185185185,0.24354987128862793,0.11711711711711711,0.9132398155265181,0.1267056530214425,0,0,0.6479030238660191,2
194,0.864869737672406,0.7857142857142856,0,0.018518518518518517,0.7807130959453004,0.8833333333333334,0.0,0.8922558922558923,1,1,0.14266772049303866,1
195,0.2522311367529072,0.3571428571428571,1,0.7037037037037037,0.23555928294370498,0.05673758865248227,0.688169707500724,0.06172839506172839,0,0,0.6578440749298522,2
196,0.027134228792932424,0.0714285714285714,0,0.2777777777777778,0.16401090261033646,0.27083333333333337,0.0,0.28888888888888886,0,1,0.7512335685774205,0
197,0.6756513116379698,0.5,1,0.24074074074074073,0.9790334416605513,0.31060606060606066,0.4095923468068603,0.3301127214170692,1,1,0.012528797056499563,3
198,0.35103218245740564,0.2857142857142857,0,0.1481481481481481,0.6815942208541015,0.4509803921568628,0.0,0.47325102880658426,0,1,0.2167701928695409,3
199,0.08108717209050748,0.2142857142857142,1,0.5740740740740741,0.01614424992137553,0.09583333333333335,0.9490763854218672,0.1038843721770551,0,0,0.9730495461336772,2
200,0.9462724240512034,0.9285714285714284,0,0.05555555555555555,0.6897997693678584,0.7083333333333334,0.0,0.7264957264957266,1,1,0.21037543885048704,1
201,0.26106553682502476,0.4285714285714285,1,0.8148148148148148,0.12774278871354028,0.03144654088050314,0.6785408338092518,0.034293552812071304,0,0,0.8018003984244786,2
202,0.009014693951140351,0.0,0,0.22222222222222218,0.3108292273823252,0.33333333333333337,0.0,0.35353535353535354,0,1,0.5677715722367689,0
203,0.6488776706030829,0.5714285714285714,1,0.31481481481481477,0.7587308243351851,0.2371794871794872,0.4203520254732001,0.2537722908093278,1,1,0.15852895707765713,3
204,0.36969259893626605,0.3571428571428571,0,0.05555555555555555,0.5542859139672223,0.7083333333333334,0.0,0.7264957264957266,0,1,0.32267984082017276,3
205,0.06260704949066975,0.1428571428571428,1,0.5370370370370371,0.11260206637080539,0.10964912280701752,0.9895887558563248,0.11870845204178537,0,0,0.8236032149232126,2
206,0.9729559181465789,1.0,0,0.0,0.6291015829751545,0.9999999999999999,0.0,1.0,1,1,0.25887096581857927,1
207,0.24294600198323257,0.2142857142857142,1,0.42592592592592593,0.5431806269000943,0.16145833333333334,0.6985888578568279,0.17396184062850728,0,0,0.3325588630423757,2
208,0.05381772288830794,0.0714285714285714,0,0.16666666666666666,0.27261767480868015,0.41666666666666663,0.0,0.43859649122807015,0,1,0.6125162109262503,0
209,0.6941314342378077,0.6428571428571428,1,0.1851851851851852,0.7125484851661599,0.38596491228070173,0.40248136856368566,0.4074074074074074,1,1,0.19290022048978206,3
210,0.34201748850626523,0.2857142857142857,0,0.11111111111111113,0.6549095102402578,0.5333333333333333,0.0,0.5555555555555556,0,1,0.2379102398871975,3
211,0.08559451906607768,0.2142857142857142,1,0.5555555555555556,0.030820840758989387,0.10256410256410256,0.9396935244686109,0.1111111111111111,0,0,0.9490577926131698,2
212,0.9552871180023438,0.9285714285714284,0,0.07407407407407407,0.7044763602054724,0.6410256410256411,0.0,0.6613756613756614,1,1,0.199058935883359,1
213,0.27008023077616505,0.4285714285714285,1,0.8333333333333334,0.15032215923294645,0.027777777777777762,0.6689893018018018,0.030303030303030304,0,0,0.7700504445831198,2
214,0.018029387902280702,0.0,0,0.2592592592592593,0.3527623440612224,0.28985507246376807,0.0,0.30864197530864196,0,1,0.5208475263987364,0
215,0.6578923645542233,0.5714285714285714,1,0.33333333333333337,0.7782996121186703,0.22222222222222218,0.41666666666666674,0.23809523809523808,1,1,0.14439389413233594,3
216,0.36067790498512575,0.3571428571428571,0,0.07407407407407407,0.5298249292378656,0.6410256410256411,0.0,0.6613756613756614,0,1,0.3445863171216381,3
217,0.06711439646623996,0.1428571428571428,1,0.5555555555555556,0.12890938952370967,0.10256410256410256,0.9793920659453891,0.1111111111111111,0,0,0.8001377894993189,2
218,0.9819706120977193,1.0,0,0.018518518518518517,0.6430792885347867,0.8833333333333334,0.0,0.8922558922558923,1,1,0.24745447832918344,1
219,0.23393130803209228,0.2142857142857142,1,0.4444444444444444,0.5138274452248663,0.15151515151515152,0.7090108906459794,0.1633986928104575,0,0,0.3592077543672758,2
220,0.04480302893716753,0.0714285714285714,0,0.1851851851851852,0.23592619771464518,0.38596491228070173,0.0,0.4074074074074074,0,1,0.6573855384700489,0
221,0.7031461281889478,0.6428571428571428,1,0.2037037037037037,0.7308942237131772,0.3583333333333334,0.3991014444071213,0.37918871252204583,1,1,0.17907240269539648,3
222,0.3785720724781394,0.4285714285714285,0,0.09259259259259259,0.4220648834339997,0.5833333333333334,0.0,0.6049382716049383,0,1,0.4478953673465005,3
223,0.09880104570449827,0.1428571428571428,1,0.5185185185185185,0.24354987128862793,0.11711711711711711,0.9132398155265181,0.1267056530214425,0,0,0.6479030238660191,2
224,0.864869737672406,0.7857142857142856,0,0.018518518518518517,0.7807130959453004,0.8833333333333334,0.0,0.8922558922558923,1,1,0.14266772049303866,1
225,0.2522311367529072,0.3571428571428571,1,0.7037037037037037,0.23555928294370498,0.05673758865248227,0.688169707500724,0.06172839506172839,0,0,0.6578440749298522,2
226,0.027134228792932424,0.0714285714285714,0,0.2777777777777778,0.16401090261033646,0.27083333333333337,0.0,0.28888888888888886,0,1,0.7512335685774205,0
227,0.6756513116379698,0.5,1,0.24074074074074073,0.9790334416605513,0.31060606060606066,0.4095923468068603,0.3301127214170692,1,1,0.012528797056499563,3
228,0.35103218245740564,0.2857142857142857,0,0.1481481481481481,0.6815942208541015,0.4509803921568628,0.0,0.47325102880658426,0,1,0.2167701928695409,3
229,0.08108717209050748,0.2142857142857142,1,0.5740740740740741,0.01614424992137553,0.09583333333333335,0.9490763854218672,0.1038843721770551,0,0,0.9730495461336772,2
230,0.9462724240512034,0.9285714285714284,0,0.05555555555555555,0.6897997693678584,0.7083333333333334,0.0,0.7264957264957266,1,1,0.21037543885048704,1
231,0.26106553682502476,0.4285714285714285,1,0.8148148148148148,0.12774278871354028,0.03144654088050314,0.6785408338092518,0.034293552812071304,0,0,0.8018003984244786,2
232,0.009014693951140351,0.0,0,0.22222222222222218,0.3108292273823252,0.33333333333333337,0.0,0.35353535353535354,0,1,0.5677715722367689,0
233,0.6488776706030829,0.5714285714285714,1,0.31481481481481477,0.7587308243351851,0.2371794871794872,0.4203520254732001,0.2537722908093278,1,1,0.15852895707765713,3
234,0.36969259893626605,0.3571428571428571,0,0.05555555555555555,0.5542859139672223,0.7083333333333334,0.0,0.7264957264957266,0,1,0.32267984082017276,3
235,0.06260704949066975,0.1428571428571428,1,0.5370370370370371,0.11260206637080539,0.10964912280701752,0.9895887558563248,0.11870845204178537,0,0,0.8236032149232126,2
236,0.9729559181465789,1.0,0,0.0,0.6291015829751545,0.9999999999999999,0.0,1.0,1,1,0.25887096581857927,1
237,0.24294600198323257,0.2142857142857142,1,0.42592592592592593,0.5431806269000943,0.16145833333333334,0.6985888578568279,0.17396184062850728,0,0,0.3325588630423757,2
238,0.05381772288830794,0.0714285714285714,0,0.16666666666666666,0.27261767480868015,0.41666666666666663,0.0,0.43859649122807015,0,1,0.6125162109262503,0
239,0.6941314342378077,0.6428571428571428,1,0.1851851851851852,0.7125484851661599,0.38596491228070173,0.40248136856368566,0.4074074074074074,1,1,0.19290022048978206,3
240,0.34201748850626523,0.2857142857142857,0,0.11111111111111113,0.6549095102402578,0.5333333333333333,0.0,0.5555555555555556,0,1,0.2379102398871975,3
241,0.08559451906607768,0.2142857142857142,1,0.5555555555555556,0.030820840758989387,0.10256410256410256,0.9396935244686109,0.1111111111111111,0,0,0.9490577926131698,2
242,0.9552871180023438,0.9285714285714284,0,0.07407407407407407,0.7044763602054724,0.6410256410256411,0.0,0.6613756613756614,1,1,0.199058935883359,1
243,0.27008023077616505,0.4285714285714285,1,0.8333333333333334,0.15032215923294645,0.027777777777777762,0.6689893018018018,0.030303030303030304,0,0,0.7700504445831198,2
244,0.018029387902280702,0.0,0,0.2592592592592593,0.3527623440612224,0.28985507246376807,0.0,0.30864197530864196,0,1,0.5208475263987364,0
245,0.6488776706030829,0.5714285714285714,1,0.31481481481481477,0.7587308243351851,0.2371794871794872,0.4203520254732001,0.2537722908093278,1,1,0.15852895707765713,3
246,0.36969259893626605,0.3571428571428571,0,0.05555555555555555,0.5542859139672223,0.7083333333333334,0.0,0.7264957264957266,0,1,0.32267984082017276,3
247,0.06260704949066975,0.1428571428571428,1,0.5370370370370371,0.11260206637080539,0.10964912280701752,0.9895887558563248,0.11870845204178537,0,0,0.8236032149232126,2
248,0.9729559181465789,1.0,0,0.0,0.6291015829751545,0.9999999999999999,0.0,1.0,1,1,0.25887096581857927,1
249,0.24294600198323257,0.2142857142857142,1,0.42592592592592593,0.5431806269000943,0.16145833333333334,0.6985888578568279,0.17396184062850728,0,0,0.3325588630423757,2
250,0.05381772288830794,0.0714285714285714,0,0.16666666666666666,0.27261767480868015,0.41666666666666663,0.0,0.43859649122807015,0,1,0.6125162109262503,0
251,0.6941314342378077,0.6428571428571428,1,0.1851851851851852,0.7125484851661599,0.38596491228070173,0.40248136856368566,0.4074074074074074,1,1,0.19290022048978206,3
252,0.34201748850626523,0.2857142857142857,0,0.11111111111111113,0.6549095102402578,0.5333333333333333,0.0,0.5555555555555556,0,1,0.2379102398871975,3
253,0.08559451906607768,0.2142857142857142,1,0.5555555555555556,0.030820840758989387,0.10256410256410256,0.9396935244686109,0.1111111111111111,0,0,0.9490577926131698,2
254,0.9552871180023438,0.9285714285714284,0,0.07407407407407407,0.7044763602054724,0.6410256410256411,0.0,0.6613756613756614,1,1,0.199058935883359,1
255,0.27008023077616505,0.4285714285714285,1,0.8333333333333334,0.15032215923294645,0.027777777777777762,0.6689893018018018,0.030303030303030304,0,0,0.7700504445831198,2
256,0.018029387902280702,0.0,0,0.2592592592592593,0.3527623440612224,0.28985507246376807,0.0,0.30864197530864196,0,1,0.5208475263987364,0
257,0.6578923645542233,0.5714285714285714,1,0.33333333333333337,0.7782996121186703,0.22222222222222218,0.41666666666666674,0.23809523809523808,1,1,0.14439389413233594,3
258,0.36067790498512575,0.3571428571428571,0,0.07407407407407407,0.5298249292378656,0.6410256410256411,0.0,0.6613756613756614,0,1,0.3445863171216381,3
259,0.06711439646623996,0.1428571428571428,1,0.5555555555555556,0.12890938952370967,0.10256410256410256,0.9793920659453891,0.1111111111111111,0,0,0.8001377894993189,2
260,0.9819706120977193,1.0,0,0.018518518518518517,0.6430792885347867,0.8833333333333334,0.0,0.8922558922558923,1,1,0.24745447832918344,1
261,0.23393130803209228,0.2142857142857142,1,0.4444444444444444,0.5138274452248663,0.15151515151515152,0.7090108906459794,0.1633986928104575,0,0,0.3592077543672758,2
262,0.04480302893716753,0.0714285714285714,0,0.1851851851851852,0.23592619771464518,0.38596491228070173,0.0,0.4074074074074074,0,1,0.6573855384700489,0
263,0.7031461281889478,0.6428571428571428,1,0.2037037037037037,0.7308942237131772,0.3583333333333334,0.3991014444071213,0.37918871252204583,1,1,0.17907240269539648,3
264,0.3785720724781394,0.4285714285714285,0,0.09259259259259259,0.4220648834339997,0.5833333333333334,0.0,0.6049382716049383,0,1,0.4478953673465005,3
265,0.09880104570449827,0.1428571428571428,1,0.5185185185185185,0.24354987128862793,0.11711711711711711,0.9132398155265181,0.1267056530214425,0,0,0.6479030238660191,2
266,0.864869737672406,0.7857142857142856,0,0.018518518518518517,0.7807130959453004,0.8833333333333334,0.0,0.8922558922558923,1,1,0.14266772049303866,1
267,0.2522311367529072,0.3571428571428571,1,0.7037037037037037,0.23555928294370498,0.05673758865248227,0.688169707500724,0.06172839506172839,0,0,0.6578440749298522,2
268,0.027134228792932424,0.0714285714285714,0,0.2777777777777778,0.16401090261033646,0.27083333333333337,0.0,0.28888888888888886,0,1,0.7512335685774205,0
269,0.6756513116379698,0.5,1,0.24074074074074073,0.9790334416605513,0.31060606060606066,0.4095923468068603,0.3301127214170692,1,1,0.012528797056499563,3
270,0.35103218245740564,0.2857142857142857,0,0.1481481481481481,0.6815942208541015,0.4509803921568628,0.0,0.47325102880658426,0,1,0.2167701928695409,3
271,0.08108717209050748,0.2142857142857142,1,0.5740740740740741,0.01614424992137553,0.09583333333333335,0.9490763854218672,0.1038843721770551,0,0,0.9730495461336772,2
272,0.9462724240512034,0.9285714285714284,0,0.05555555555555555,0.6897997693678584,0.7083333333333334,0.0,0.7264957264957266,1,1,0.21037543885048704,1
273,0.26106553682502476,0.4285714285714285,1,0.8148148148148148,0.12774278871354028,0.03144654088050314,0.6785408338092518,0.034293552812071304,0,0,0.8018003984244786,2
274,0.018029387902280702,0.0,0,0.2592592592592593,0.3527623440612224,0.28985507246376807,0.0,0.30864197530864196,0,1,0.5208475263987364,0
275,0.6578923645542233,0.5714285714285714,1,0.33333333333333337,0.7782996121186703,0.22222222222222218,0.41666666666666674,0.23809523809523808,1,1,0.14439389413233594,3
276,0.36969259893626605,0.3571428571428571,0,0.05555555555555555,0.5542859139672223,0.7083333333333334,0.0,0.7264957264957266,0,1,0.32267984082017276,3
277,0.06260704949066975,0.1428571428571428,1,0.5370370370370371,0.11260206637080539,0.10964912280701752,0.9895887558563248,0.11870845204178537,0,0,0.8236032149232126,2
278,0.9729559181465789,1.0,0,0.0,0.6291015829751545,0.9999999999999999,0.0,1.0,1,1,0.25887096581857927,1
279,0.24294600198323257,0.2142857142857142,1,0.42592592592592593,0.5431806269000943,0.16145833333333334,0.6985888578568279,0.17396184062850728,0,0,0.3325588630423757,2
280,0.05381772288830794,0.0714285714285714,0,0.16666666666666666,0.27261767480868015,0.41666666666666663,0.0,0.43859649122807015,0,1,0.6125162109262503,0
281,0.6941314342378077,0.6428571428571428,1,0.1851851851851852,0.7125484851661599,0.38596491228070173,0.40248136856368566,0.4074074074074074,1,1,0.19290022048978206,3
282,0.34201748850626523,0.2857142857142857,0,0.11111111111111113,0.6549095102402578,0.5333333333333333,0.0,0.5555555555555556,0,1,0.2379102398871975,3
283,0.08559451906607768,0.2142857142857142,1,0.5555555555555556,0.030820840758989387,0.10256410256410256,0.9396935244686109,0.1111111111111111,0,0,0.9490577926131698,2
284,0.9552871180023438,0.9285714285714284,0,0.07407407407407407,0.7044763602054724,0.6410256410256411,0.0,0.6613756613756614,1,1,0.199058935883359,1
285,0.27008023077616505,0.4285714285714285,1,0.8333333333333334,0.15032215923294645,0.027777777777777762,0.6689893018018018,0.030303030303030304,0,0,0.7700504445831198,2
286,0.018029387902280702,0.0,0,0.2592592592592593,0.3527623440612224,0.28985507246376807,0.0,0.30864197530864196,0,1,0.5208475263987364,0
287,0.6488776706030829,0.5714285714285714,1,0.31481481481481477,0.7587308243351851,0.2371794871794872,0.4203520254732001,0.2537722908093278,1,1,0.15852895707765713,3
288,0.36969259893626605,0.3571428571428571,0,0.07407407407407407,0.5542859139672223,0.6410256410256411,0.0,0.6613756613756614,0,1,0.32267984082017276,3
289,0.06711439646623996,0.1428571428571428,1,0.5555555555555556,0.12890938952370967,0.10256410256410256,0.9793920659453891,0.1111111111111111,0,0,0.8001377894993189,2
290,0.9819706120977193,1.0,0,0.018518518518518517,0.6430792885347867,0.8833333333333334,0.0,0.8922558922558923,1,1,0.24745447832918344,1
291,0.23393130803209228,0.2142857142857142,1,0.4444444444444444,0.5138274452248663,0.15151515151515152,0.7090108906459794,0.1633986928104575,0,0,0.3592077543672758,2
292,0.04480302893716753,0.0714285714285714,0,0.1851851851851852,0.23592619771464518,0.38596491228070173,0.0,0.4074074074074074,0,1,0.6573855384700489,0
293,0.7031461281889478,0.6428571428571428,1,0.2037037037037037,0.7308942237131772,0.3583333333333334,0.3991014444071213,0.37918871252204583,1,1,0.17907240269539648,3
294,0.3785720724781394,0.4285714285714285,0,0.09259259259259259,0.4220648834339997,0.5833333333333334,0.0,0.6049382716049383,0,1,0.4478953673465005,3
295,0.09880104570449827,0.1428571428571428,1,0.5185185185185185,0.24354987128862793,0.11711711711711711,0.9132398155265181,0.1267056530214425,0,0,0.6479030238660191,2
296,0.864869737672406,0.7857142857142856,0,0.018518518518518517,0.7807130959453004,0.8833333333333334,0.0,0.8922558922558923,1,1,0.14266772049303866,1
297,0.2522311367529072,0.3571428571428571,1,0.7037037037037037,0.23555928294370498,0.05673758865248227,0.688169707500724,0.06172839506172839,0,0,0.6578440749298522,2
298,0.027134228792932424,0.0714285714285714,0,0.2777777777777778,0.16401090261033646,0.27083333333333337,0.0,0.28888888888888886,0,1,0.7512335685774205,0
299,0.6756513116379698,0.5,1,0.24074074074074073,0.9790334416605513,0.31060606060606066,0.4095923468068603,0.3301127214170692,1,1,0.012528797056499563,3
300,0.35103218245740564,0.2857142857142857,0,0.1481481481481481,0.6815942208541015,0.4509803921568628,0.0,0.47325102880658426,0,1,0.2167701928695409,3
301,0.9104840890651761,0.857142857142857,0,0.037037037037037035,0.7412837051219092,0.787878787878788,0.0,0.8024691358024691,1,1,0.17134400730075394,1
302,0.28810961867844587,0.5,1,0.7592592592592592,0.07768109864765704,0.043333333333333335,0.650670865279299,0.047204066811909945,0,0,0.8755336942122771,2
303,0.03587848192553861,0.0,0,0.22222222222222218,0.43578991508543896,0.33333333333333337,0.0,0.35353535353535354,0,1,0.4340824038787292,0
304,0.7209952222122059,0.7142857142857142,1,0.16666666666666666,0.6365755443596874,0.41666666666666663,0.39257393028250454,0.43859649122807015,1,1,0.2527475093465803,3
305,0.33363382313170464,0.2857142857142857,0,0.12962962962962962,0.6300927293693828,0.48958333333333337,0.0,0.5119825708061001,0,1,0.2580563879597826,3
306,0.07612909041738031,0.2142857142857142,1,0.4814814814814815,0.0,0.13333333333333333,0.9596163553760727,0.14403292181069954,0,0,0.9999999999999998,2
307,0.8828991255746869,0.7857142857142856,0,0.0,0.8133277422511094,0.9999999999999999,0.0,1.0,1,1,0.1197014704145074,1
308,0.2342017488506265,0.3571428571428571,1,0.6851851851851852,0.18663731348499146,0.06159420289855072,0.7086937071279451,0.06698187549251378,0,0,0.7208193328301065,2
309,0.04516361669521313,0.0714285714285714,0,0.2962962962962963,0.2373938567984064,0.2533333333333333,0.0,0.2706552706552707,0,1,0.6555533823746396,0
310,0.6846660055891102,0.5,1,0.22222222222222218,0.9999999999999998,0.33333333333333337,0.40609245492608737,0.35353535353535354,1,1,0.0,3
311,0.36004687640854593,0.2857142857142857,0,0.09259259259259259,0.7082789314679452,0.5833333333333334,0.0,0.6049382716049383,0,1,0.19615199347019274,3
312,0.09460921301721803,0.1428571428571428,1,0.5370370370370371,0.22838406075642692,0.10964912280701752,0.9214735821619002,0.11870845204178537,0,0,0.6668512157427855,2
313,0.9372577301000632,0.9285714285714284,0,0.05555555555555555,0.6751231785302443,0.7083333333333334,0.0,0.7264957264957266,1,1,0.2218479777082336,1
314,0.25205084287388435,0.4285714285714285,1,0.7962962962962963,0.1051634181941341,0.03525641025641027,0.6883690614136733,0.038434661076170495,0,0,0.8344701075914853,2
315,0.009014693951140351,0.0,0,0.2777777777777778,0.3108292273823252,0.27083333333333337,0.0,0.28888888888888886,0,1,0.5677715722367689,0
316,0.6488776706030829,0.5714285714285714,1,0.31481481481481477,0.7587308243351851,0.2371794871794872,0.4203520254732001,0.2537722908093278,1,1,0.15852895707765713,3
317,0.36969259893626605,0.3571428571428571,0,0.07407407407407407,0.5542859139672223,0.6410256410256411,0.0,0.6613756613756614,0,1,0.32267984082017276,3
318,0.06260704949066975,0.1428571428571428,1,0.5555555555555556,0.11260206637080539,0.10256410256410256,0.9895887558563248,0.1111111111111111,0,0,0.8236032149232126,2
319,0.9729559181465789,1.0,0,0.0,0.6291015829751545,0.9999999999999999,0.0,1.0,1,1,0.25887096581857927,1
320,0.24294600198323257,0.2142857142857142,1,0.42592592592592593,0.5431806269000943,0.16145833333333334,0.6985888578568279,0.17396184062850728,0,0,0.3325588630423757,2
321,0.05381772288830794,0.0714285714285714,0,0.16666666666666666,0.27261767480868015,0.41666666666666663,0.0,0.43859649122807015,0,1,0.6125162109262503,0
322,0.6941314342378077,0.6428571428571428,1,0.1851851851851852,0.7125484851661599,0.38596491228070173,0.40248136856368566,0.4074074074074074,1,1,0.19290022048978206,3
323,0.34201748850626523,0.2857142857142857,0,0.11111111111111113,0.6549095102402578,0.5333333333333333,0.0,0.5555555555555556,0,1,0.2379102398871975,3
324,0.08559451906607768,0.2142857142857142,1,0.5555555555555556,0.030820840758989387,0.10256410256410256,0.9396935244686109,0.1111111111111111,0,0,0.9490577926131698,2
325,0.9552871180023438,0.9285714285714284,0,0.07407407407407407,0.7044763602054724,0.6410256410256411,0.0,0.6613756613756614,1,1,0.199058935883359,1
326,0.27008023077616505,0.4285714285714285,1,0.8333333333333334,0.15032215923294645,0.027777777777777762,0.6689893018018018,0.030303030303030304,0,0,0.7700504445831198,2
327,0.018029387902280702,0.0,0,0.2592592592592593,0.3527623440612224,0.28985507246376807,0.0,0.30864197530864196,0,1,0.5208475263987364,0
328,0.6578923645542233,0.5714285714285714,1,0.33333333333333337,0.7782996121186703,0.22222222222222218,0.41666666666666674,0.23809523809523808,1,1,0.14439389413233594,3
329,0.36969259893626605,0.3571428571428571,0,0.07407407407407407,0.5542859139672223,0.6410256410256411,0.0,0.6613756613756614,0,1,0.32267984082017276,3
330,0.06711439646623996,0.1428571428571428,1,0.5555555555555556,0.12890938952370967,0.10256410256410256,0.9793920659453891,0.1111111111111111,0,0,0.8001377894993189,2
331,0.9819706120977193,1.0,0,0.018518518518518517,0.6430792885347867,0.8833333333333334,0.0,0.8922558922558923,1,1,0.24745447832918344,1
332,0.23393130803209228,0.2142857142857142,1,0.4444444444444444,0.5138274452248663,0.15151515151515152,0.7090108906459794,0.1633986928104575,0,0,0.3592077543672758,2
333,0.04480302893716753,0.0714285714285714,0,0.1851851851851852,0.23592619771464518,0.38596491228070173,0.0,0.4074074074074074,0,1,0.6573855384700489,0
334,0.7031461281889478,0.6428571428571428,1,0.2037037037037037,0.7308942237131772,0.3583333333333334,0.3991014444071213,0.37918871252204583,1,1,0.17907240269539648,3
335,0.3785720724781394,0.4285714285714285,0,0.09259259259259259,0.4220648834339997,0.5833333333333334,0.0,0.6049382716049383,0,1,0.4478953673465005,3
336,0.09880104570449827,0.1428571428571428,1,0.5185185185185185,0.24354987128862793,0.11711711711711711,0.9132398155265181,0.1267056530214425,0,0,0.6479030238660191,2
337,0.864869737672406,0.7857142857142856,0,0.018518518518518517,0.7807130959453004,0.8833333333333334,0.0,0.8922558922558923,1,1,0.14266772049303866,1
338,0.2522311367529072,0.3571428571428571,1,0.7037037037037037,0.23555928294370498,0.05673758865248227,0.688169707500724,0.06172839506172839,0,0,0.6578440749298522,2
339,0.027134228792932424,0.0714285714285714,0,0.2777777777777778,0.16401090261033646,0.27083333333333337,0.0,0.28888888888888886,0,1,0.7512335685774205,0
340,0.6756513116379698,0.5,1,0.24074074074074073,0.9790334416605513,0.31060606060606066,0.4095923468068603,0.3301127214170692,1,1,0.012528797056499563,3
341,0.35103218245740564,0.2857142857142857,0,0.1481481481481481,0.6815942208541015,0.4509803921568628,0.0,0.47325102880658426,0,1,0.2167701928695409,3
342,0.10362390696835838,0.1428571428571428,1,0.5740740740740741,0.2609987070622357,0.09583333333333335,0.9039467427484547,0.1038843721770551,0,0,0.6265170733137138,2
343,0.9462724240512034,0.9285714285714284,0,0.037037037037037035,0.6897997693678584,0.787878787878788,0.0,0.8024691358024691,1,1,0.21037543885048704,1
344,0.27909492472730546,0.4285714285714285,1,0.8518518518518517,0.17290152975235262,0.024242424242424232,0.6597029428095503,0.026455026455026454,0,0,0.7391819442076508,2
345,0.027044081853421054,0.0,0,0.2962962962962963,0.39469546074011963,0.2533333333333333,0.0,0.2706552706552707,0,1,0.4760525207529922,0
346,0.6669070585053637,0.5714285714285714,1,0.35185185185185186,0.7978683999021559,0.20833333333333334,0.4130453676342778,0.2234993614303959,1,1,0.13050453017789487,3
347,0.37870729288740645,0.3571428571428571,0,0.09259259259259259,0.5787468986965789,0.5833333333333334,0.0,0.6049382716049383,0,1,0.3013006596517307,3
348,0.0716217434418101,0.1428571428571428,1,0.5740740740740741,0.14521671267661418,0.09583333333333335,0.9694033656297808,0.1038843721770551,0,0,0.7771510061034494,2
349,0.9639412241954385,1.0,0,0.018518518518518517,0.6151238774155219,0.8833333333333334,0.0,0.8922558922558923,1,1,0.2704417197425317,1
350,0.251960695934373,0.2142857142857142,1,0.4629629629629629,0.5725338085753224,0.14215686274509806,0.6884687816891206,0.15343915343915343,0,0,0.3066820676561952,2
351,0.06283241683944829,0.0714285714285714,0,0.2037037037037037,0.30930915190271513,0.3583333333333334,0.0,0.37918871252204583,0,1,0.5695144932698113,0
352,0.6851167402866672,0.6428571428571428,1,0.22222222222222218,0.6942027466191425,0.33333333333333337,0.40591902972326616,0.35353535353535354,1,1,0.20696424972582128,3
353,0.34201748850626523,0.2857142857142857,0,0.11111111111111113,0.6549095102402578,0.5333333333333333,0.0,0.5555555555555556,0,1,0.2379102398871975,3
354,0.09010186604164788,0.2142857142857142,1,0.5925925925925926,0.045497431596603466,0.0894308943089431,0.9304943710230055,0.09700176366843033,0,0,0.9255357748444093,2
355,0.9282430361489228,0.857142857142857,0,0.05555555555555555,0.7717183198062247,0.7083333333333334,0.0,0.7264957264957266,1,1,0.1491199958488978,1
356,0.26106553682502476,0.4285714285714285,1,0.8703703703703703,0.12774278871354028,0.020833333333333343,0.6785408338092518,0.022742040285899934,0,0,0.8018003984244786,2
357,0.0,0.0,0,0.31481481481481477,0.2688961107034282,0.2371794871794872,0.0,0.2537722908093278,0,1,0.6169801383200804,0
358,0.6759217524565041,0.5714285714285714,1,0.37037037037037035,0.817437187685641,0.19540229885057472,0.4094864725142168,0.20987654320987653,1,1,0.1168545142150863,3
359,0.36067790498512575,0.3571428571428571,0,0.09259259259259259,0.5298249292378656,0.5833333333333334,0.0,0.6049382716049383,0,1,0.3445863171216381,3
360,0.07612909041738031,0.1428571428571428,1,0.5925925925925926,0.1615240358295187,0.0894308943089431,0.9596163553760727,0.09700176366843033,0,0,0.7546283677534331,2
361,0.9729559181465789,1.0,0,0.018518518518518517,0.6291015829751545,0.8833333333333334,0.0,0.8922558922558923,1,1,0.25887096581857927,1
362,0.22491661408095187,0.2142857142857142,1,0.4814814814814815,0.4844742635496384,0.13333333333333333,0.7197485991216115,0.14403292181069954,0,0,0.3866638209556892,2
363,0.01775894708374648,0.0714285714285714,0,0.22222222222222218,0.12585176643254004,0.33333333333333337,0.0,0.35353535353535354,0,1,0.8045006507303778,0
364,0.7121608221400882,0.6428571428571428,1,0.24074074074074073,0.7492399622601951,0.31060606060606066,0.3957778147901399,0.3301127214170692,1,1,0.1654748949908571,3
365,0.3330027945551248,0.2857142857142857,0,0.12962962962962962,0.6282247996264141,0.48958333333333337,0.0,0.5119825708061001,0,1,0.2595922004402973,3
366,0.08559451906607768,0.2142857142857142,1,0.611111111111111,0.030820840758989387,0.08333333333333334,0.9396935244686109,0.09043927648578809,0,0,0.9490577926131698,2
367,0.9462724240512034,0.9285714285714284,0,0.07407407407407407,0.6897997693678584,0.6410256410256411,0.0,0.6613756613756614,1,1,0.21037543885048704,1
368,0.27008023077616505,0.4285714285714285,1,0.888888888888889,0.15032215923294645,0.017543859649122806,0.6689893018018018,0.01915708812260536,0,0,0.7700504445831198,2
369,0.036058775804561405,0.0,0,0.2777777777777778,0.43662857741901684,0.27083333333333337,0.0,0.28888888888888886,0,1,0.43324487116961485,0
370,0.6578923645542233,0.5714285714285714,1,0.38888888888888895,0.7782996121186703,0.18333333333333332,0.41666666666666674,0.19713261648745517,1,0,0.14439389413233594,3
371,0.35166321103398535,0.3571428571428571,0,0.1481481481481481,0.5053639445085087,0.4509803921568628,0.0,0.47325102880658426,0,1,0.3670398399033501,3
372,0.058099702515099605,0.1428571428571428,1,0.611111111111111,0.09629474321790088,0.08333333333333334,1.0,0.09043927648578809,0,0,0.8475623894354574,2
373,0.9639412241954385,1.0,0,0.037037037037037035,0.6151238774155219,0.787878787878788,0.0,0.8024691358024691,1,1,0.2704417197425317,1
374,0.22491661408095187,0.2142857142857142,1,0.5,0.4844742635496384,0.12499999999999997,0.7197485991216115,0.13513513513513514,0,0,0.3866638209556892,2
375,0.05381772288830794,0.0714285714285714,0,0.24074074074074073,0.27261767480868015,0.31060606060606066,0.0,0.3301127214170692,0,1,0.6125162109262503,0
376,0.7031461281889478,0.6428571428571428,1,0.2592592592592593,0.7308942237131772,0.28985507246376807,0.3991014444071213,0.30864197530864196,1,1,0.17907240269539648,3
377,0.32398810060398453,0.2857142857142857,0,0.16666666666666666,0.6015400890125704,0.41666666666666663,0.0,0.43859649122807015,0,1,0.2818371825606034,3
378,0.09460921301721803,0.2142857142857142,1,0.6296296296296297,0.060174022434217544,0.07751937984496124,0.9214735821619002,0.08417508417508418,0,0,0.9024698310992803,2
379,0.9372577301000632,0.857142857142857,0,0.05555555555555555,0.787167362793187,0.7083333333333334,0.0,0.7264957264957266,1,1,0.1380697626995384,1
380,0.27008023077616505,0.4285714285714285,1,0.9074074074074073,0.15032215923294645,0.014367816091954033,0.6689893018018018,0.01569365976145637,0,0,0.7700504445831198,2
381,0.018029387902280702,0.0,0,0.33333333333333337,0.3527623440612224,0.22222222222222218,0.0,0.23809523809523808,0,1,0.5208475263987364,0
382,0.6759217524565041,0.5714285714285714,1,0.40740740740740744,0.817437187685641,0.17204301075268816,0.4094864725142168,0.18518518518518517,1,0,0.1168545142150863,3
383,0.36969259893626605,0.3571428571428571,0,0.11111111111111113,0.5542859139672223,0.5333333333333333,0.0,0.5555555555555556,0,1,0.32267984082017276,3
384,0.07612909041738031,0.1428571428571428,1,0.6296296296296297,0.1615240358295187,0.07751937984496124,0.9596163553760727,0.08417508417508418,0,0,0.7546283677534331,2
385,0.9729559181465789,1.0,0,0.018518518518518517,0.6291015829751545,0.8833333333333334,0.0,0.8922558922558923,1,1,0.25887096581857927,1
386,0.22491661408095187,0.2142857142857142,1,0.5185185185185185,0.4844742635496384,0.11711711711711711,0.7197485991216115,0.1267056530214425,0,0,0.3866638209556892,2
387,0.02677364103488683,0.0714285714285714,0,0.2592592592592593,0.162543243526575,0.28985507246376807,0.0,0.30864197530864196,0,1,0.7532357932230893,0
388,0.7121608221400882,0.6428571428571428,1,0.2777777777777778,0.7492399622601951,0.27083333333333337,0.3957778147901399,0.28888888888888886,1,1,0.1654748949908571,3
389,0.3330027945551248,0.2857142857142857,0,0.12962962962962962,0.6282247996264141,0.48958333333333337,0.0,0.5119825708061001,0,1,0.2595922004402973,3
390,0.08559451906607768,0.2142857142857142,1,0.6481481481481481,0.030820840758989387,0.07196969696969699,0.9396935244686109,0.07818930041152267,0,0,0.9490577926131698,2
391,0.9462724240512034,0.9285714285714284,0,0.07407407407407407,0.6897997693678584,0.6410256410256411,0.0,0.6613756613756614,1,1,0.21037543885048704,1
392,0.27008023077616505,0.4285714285714285,1,0.9259259259259259,0.15032215923294645,0.011299435028248594,0.6689893018018018,0.012345679012345678,0,0,0.7700504445831198,2
393,0.036058775804561405,0.0,0,0.35185185185185186,0.43662857741901684,0.20833333333333334,0.0,0.2234993614303959,0,1,0.43324487116961485,0
394,0.6578923645542233,0.5714285714285714,1,0.42592592592592593,0.7782996121186703,0.16145833333333334,0.41666666666666674,0.17396184062850728,1,0,0.14439389413233594,3
395,0.35166321103398535,0.3571428571428571,0,0.1481481481481481,0.5053639445085087,0.4509803921568628,0.0,0.47325102880658426,0,1,0.3670398399033501,3
396,0.058099702515099605,0.1428571428571428,1,0.6481481481481481,0.09629474321790088,0.07196969696969699,1.0,0.07818930041152267,0,0,0.8475623894354574,2
397,0.9639412241954385,1.0,0,0.05555555555555555,0.6151238774155219,0.7083333333333334,0.0,0.7264957264957266,1,1,0.2704417197425317,1
398,0.22491661408095187,0.2142857142857142,1,0.5370370370370371,0.4844742635496384,0.10964912280701752,0.7197485991216115,0.11870845204178537,0,0,0.3866638209556892,2
399,0.05381772288830794,0.0714285714285714,0,0.24074074074074073,0.27261767480868015,0.31060606060606066,0.0,0.3301127214170692,0,1,0.6125162109262503,0
400,0.7031461281889478,0.6428571428571428,1,0.2962962962962963,0.7308942237131772,0.2533333333333333,0.3991014444071213,0.2706552706552707,1,1,0.17907240269539648,3
401,0.35103218245740564,0.2857142857142857,0,0.16666666666666666,0.6815942208541015,0.41666666666666663,0.0,0.43859649122807015,0,1,0.2167701928695409,3
402,0.09460921301721803,0.2142857142857142,1,0.6666666666666666,0.060174022434217544,0.06666666666666668,0.9214735821619002,0.07246376811594202,0,0,0.9024698310992803,2
403,0.9372577301000632,0.857142857142857,0,0.07407407407407407,0.787167362793187,0.6410256410256411,0.0,0.6613756613756614,1,1,0.1380697626995384,1
404,0.27008023077616505,0.4285714285714285,1,0.9444444444444445,0.15032215923294645,0.008333333333333331,0.6689893018018018,0.009107468123861567,0,0,0.7700504445831198,2
405,0.018029387902280702,0.0,0,0.37037037037037035,0.3527623440612224,0.19540229885057472,0.0,0.20987654320987653,0,1,0.5208475263987364,0
406,0.6759217524565041,0.5714285714285714,1,0.4444444444444444,0.817437187685641,0.15151515151515152,0.4094864725142168,0.1633986928104575,1,0,0.1168545142150863,3
407,0.36969259893626605,0.3571428571428571,0,0.12962962962962962,0.5542859139672223,0.48958333333333337,0.0,0.5119825708061001,0,1,0.32267984082017276,3
408,0.07612909041738031,0.1428571428571428,1,0.6666666666666666,0.1615240358295187,0.06666666666666668,0.9596163553760727,0.07246376811594202,0,0,0.7546283677534331,2
409,0.9729559181465789,1.0,0,0.037037037037037035,0.6291015829751545,0.787878787878788,0.0,0.8024691358024691,1,1,0.25887096581857927,1
410,0.22491661408095187,0.2142857142857142,1,0.5555555555555556,0.4844742635496384,0.10256410256410256,0.7197485991216115,0.1111111111111111,0,0,0.3866638209556892,2
411,0.02677364103488683,0.0714285714285714,0,0.2777777777777778,0.162543243526575,0.27083333333333337,0.0,0.28888888888888886,0,1,0.7532357932230893,0
412,0.7121608221400882,0.6428571428571428,1,0.2962962962962963,0.7492399622601951,0.2533333333333333,0.3957778147901399,0.2706552706552707,1,1,0.1654748949908571,3
413,0.3330027945551248,0.2857142857142857,0,0.1481481481481481,0.6282247996264141,0.4509803921568628,0.0,0.47325102880658426,0,1,0.2595922004402973,3
414,0.08559451906607768,0.2142857142857142,1,0.6851851851851852,0.030820840758989387,0.06159420289855072,0.9396935244686109,0.06698187549251378,0,0,0.9490577926131698,2
415,0.9462724240512034,0.9285714285714284,0,0.09259259259259259,0.6897997693678584,0.5833333333333334,0.0,0.6049382716049383,1,1,0.21037543885048704,1
416,0.27008023077616505,0.4285714285714285,1,0.9629629629629629,0.15032215923294645,0.005464480874316946,0.6689893018018018,0.005973715651134998,0,0,0.7700504445831198,2
417,0.036058775804561405,0.0,0,0.38888888888888895,0.43662857741901684,0.18333333333333332,0.0,0.19713261648745517,0,0,0.43324487116961485,0
418,0.6578923645542233,0.5714285714285714,1,0.4629629629629629,0.7782996121186703,0.14215686274509806,0.41666666666666674,0.15343915343915343,1,0,0.14439389413233594,3
419,0.35166321103398535,0.3571428571428571,0,0.1851851851851852,0.5053639445085087,0.38596491228070173,0.0,0.4074074074074074,0,1,0.3670398399033501,3
420,0.058099702515099605,0.1428571428571428,1,0.6851851851851852,0.09629474321790088,0.06159420289855072,1.0,0.06698187549251378,0,0,0.8475623894354574,2
421,0.9639412241954385,1.0,0,0.05555555555555555,0.6151238774155219,0.7083333333333334,0.0,0.7264957264957266,1,1,0.2704417197425317,1
422,0.22491661408095187,0.2142857142857142,1,0.5740740740740741,0.4844742635496384,0.09583333333333335,0.7197485991216115,0.1038843721770551,0,0,0.3866638209556892,2
423,0.05381772288830794,0.0714285714285714,0,0.31481481481481477,0.27261767480868015,0.2371794871794872,0.0,0.2537722908093278,0,1,0.6125162109262503,0
424,0.7031461281889478,0.6428571428571428,1,0.33333333333333337,0.7308942237131772,0.22222222222222218,0.3991014444071213,0.23809523809523808,1,1,0.17907240269539648,3
425,0.3330027945551248,0.2857142857142857,0,0.16666666666666666,0.6282247996264141,0.41666666666666663,0.0,0.43859649122807015,0,1,0.2595922004402973,3
426,0.09460921301721803,0.2142857142857142,1,0.7037037037037037,0.060174022434217544,0.05673758865248227,0.9214735821619002,0.06172839506172839,0,0,0.9024698310992803,2
427,0.9372577301000632,0.857142857142857,0,0.09259259259259259,0.787167362793187,0.5833333333333334,0.0,0.6049382716049383,1,1,0.1380697626995384,1
428,0.27008023077616505,0.4285714285714285,1,0.9814814814814815,0.15032215923294645,0.0026881720430107503,0.6689893018018018,0.002939447383891819,0,0,0.7700504445831198,2
429,0.018029387902280702,0.0,0,0.40740740740740744,0.3527623440612224,0.17204301075268816,0.0,0.18518518518518517,0,0,0.5208475263987364,0
430,0.6759217524565041,0.5714285714285714,1,0.4814814814814815,0.817437187685641,0.13333333333333333,0.4094864725142168,0.14403292181069954,1,0,0.1168545142150863,3
431,0.36969259893626605,0.3571428571428571,0,0.2037037037037037,0.5542859139672223,0.3583333333333334,0.0,0.37918871252204583,0,1,0.32267984082017276,3
432,0.07612909041738031,0.1428571428571428,1,0.7037037037037037,0.1615240358295187,0.05673758865248227,0.9596163553760727,0.06172839506172839,0,0,0.7546283677534331,2
433,0.9729559181465789,1.0,0,0.037037037037037035,0.6291015829751545,0.787878787878788,0.0,0.8024691358024691,1,1,0.25887096581857927,1
434,0.22491661408095187,0.2142857142857142,1,0.5925925925925926,0.4844742635496384,0.0894308943089431,0.7197485991216115,0.09700176366843033,0,0,0.3866638209556892,2
435,0.02677364103488683,0.0714285714285714,0,0.35185185185185186,0.162543243526575,0.20833333333333334,0.0,0.2234993614303959,0,1,0.7532357932230893,0
436,0.7121608221400882,0.6428571428571428,1,0.35185185185185186,0.7492399622601951,0.20833333333333334,0.3957778147901399,0.2234993614303959,1,1,0.1654748949908571,3
437,0.3330027945551248,0.2857142857142857,0,0.1851851851851852,0.6282247996264141,0.38596491228070173,0.0,0.4074074074074074,0,1,0.2595922004402973,3
438,0.08559451906607768,0.2142857142857142,1,0.7222222222222222,0.030820840758989387,0.05208333333333334,0.9396935244686109,0.05668934240362811,0,0,0.9490577926131698,2
439,0.9462724240512034,0.9285714285714284,0,0.11111111111111113,0.6897997693678584,0.5333333333333333,0.0,0.5555555555555556,1,1,0.21037543885048704,1
440,0.27008023077616505,0.4285714285714285,1,0.9999999999999999,0.15032215923294645,0.0,0.6689893018018018,0.0,0,0,0.7700504445831198,2
441,0.036058775804561405,0.0,0,0.42592592592592593,0.43662857741901684,0.16145833333333334,0.0,0.17396184062850728,0,0,0.43324487116961485,0
442,0.6578923645542233,0.5714285714285714,1,0.5,0.7782996121186703,0.12499999999999997,0.41666666666666674,0.13513513513513514,1,0,0.14439389413233594,3
443,0.35166321103398535,0.3571428571428571,0,0.2037037037037037,0.5053639445085087,0.3583333333333334,0.0,0.37918871252204583,0,1,0.3670398399033501,3
444,0.058099702515099605,0.1428571428571428,1,0.7222222222222222,0.09629474321790088,0.05208333333333334,1.0,0.05668934240362811,0,0,0.8475623894354574,2
445,0.9639412241954385,1.0,0,0.07407407407407407,0.6151238774155219,0.6410256410256411,0.0,0.6613756613756614,1,1,0.2704417197425317,1
446,0.22491661408095187,0.2142857142857142,1,0.611111111111111,0.4844742635496384,0.08333333333333334,0.7197485991216115,0.09043927648578809,0,0,0.3866638209556892,2
447,0.05381772288830794,0.0714285714285714,0,0.33333333333333337,0.27261767480868015,0.22222222222222218,0.0,0.23809523809523808,0,1,0.6125162109262503,0
448,0.7031461281889478,0.6428571428571428,1,0.35185185185185186,0.7308942237131772,0.20833333333333334,0.3991014444071213,0.2234993614303959,1,1,0.17907240269539648,3
449,0.3330027945551248,0.2857142857142857,0,0.22222222222222218,0.6282247996264141,0.33333333333333337,0.0,0.35353535353535354,0,1,0.2595922004402973,3
450,0.09460921301721803,0.2142857142857142,1,0.7407407407407407,0.060174022434217544,0.047619047619047616,0.9214735821619002,0.05185185185185184,0,0,0.9024698310992803,2
